city_id,city,latitude,longitude,temperature,humidity,cloudiness,wind_speed,country,date_time
0,isafjordur,66.0755,-23.124,24.93,81,50,8.77,IS,2026-03-04 15:12:40
1,ilulissat,69.2167,-51.1,6.31,91,71,8.21,GL,2026-03-04 15:12:40
2,korla,41.7597,86.1469,40.32,39,90,4.59,CN,2026-03-04 15:12:40
3,olonkinbyen,70.9221,-8.7187,29.88,88,100,18.34,SJ,2026-03-04 15:12:40
4,talnakh,69.4865,88.3972,-26.88,94,99,5.35,RU,2026-03-04 15:12:40
5,uturoa,-16.7333,-151.4333,81.45,68,74,14.74,PF,2026-03-04 15:12:40
6,hirara,24.8,125.2833,69.15,66,100,22.68,JP,2026-03-04 15:12:40
7,dudinka,69.4058,86.1778,-26.09,100,98,4.99,RU,2026-03-04 15:12:41
8,geraldton,-28.7667,114.6,76.91,33,0,8.86,AU,2026-03-04 15:12:41
9,vorgashor,67.5833,63.95,-39.23,99,43,6.29,RU,2026-03-04 15:12:41
10,ushuaia,-54.8,-68.3,41.97,98,100,5.73,AR,2026-03-04 15:12:41
11,albany,42.6001,-73.9662,37.36,97,36,1.25,US,2026-03-04 15:12:41
12,edinburgh of the seven seas,-37.0676,-12.3116,66.52,95,100,17.78,SH,2026-03-04 15:12:41
13,hawaiian paradise park,19.5933,-154.9731,75.49,74,67,11.95,US,2026-03-04 15:12:41
14,chonchi,-42.6128,-73.8092,54.84,59,79,2.86,CL,2026-03-04 15:12:41
15,blackmans bay,-43.0167,147.3167,63.48,77,23,6.67,AU,2026-03-04 15:12:41
16,puerto natales,-51.7236,-72.4875,45.0,88,100,11.41,CL,2026-03-04 15:12:41
17,papatowai,-46.5619,169.4708,65.95,39,60,3.85,NZ,2026-03-04 15:12:42
18,richards bay,-28.783,32.0377,76.05,89,7,10.16,ZA,2026-03-04 15:12:42
19,adamstown,-25.066,-130.1015,77.47,75,100,7.05,PN,2026-03-04 15:12:42
20,iqaluit,63.7506,-68.5145,-2.27,95,100,15.82,CA,2026-03-04 15:12:42
21,whitehorse,60.7161,-135.0538,7.86,91,100,7.18,CA,2026-03-04 15:12:42
22,prairie grove,35.9759,-94.3177,60.58,92,100,11.54,US,2026-03-04 15:12:42
23,st. john's,47.5649,-52.7093,32.81,93,96,19.08,CA,2026-03-04 15:12:42
24,chernyshevskiy,63.0128,112.4714,-9.94,98,100,8.88,RU,2026-03-04 15:12:42
25,kingston,17.997,-76.7936,78.87,58,49,4.56,JM,2026-03-04 15:08:02
26,longyearbyen,78.2186,15.6401,11.3,93,47,7.11,SJ,2026-03-04 15:12:42
27,santa cruz,-17.8,-63.1667,85.95,68,89,5.26,BO,2026-03-04 15:10:51
28,kuta,-8.7233,115.1723,76.75,98,90,7.36,ID,2026-03-04 15:12:43
29,aasiaat,68.7098,-52.8699,8.49,82,100,7.07,GL,2026-03-04 15:12:43
30,hamilton,39.1834,-84.5333,58.15,96,100,1.07,US,2026-03-04 15:12:43
31,udachny,66.4167,112.4,-26.55,100,100,3.65,RU,2026-03-04 15:12:43
32,college,64.8569,-147.8028,-5.15,82,6,0.16,US,2026-03-04 15:12:43
33,constantia,44.1833,28.65,40.51,87,12,9.4,RO,2026-03-04 15:12:43
34,araguari,-18.6472,-48.1872,80.58,53,58,4.36,BR,2026-03-04 15:12:43
35,ust-nera,64.5667,143.2,-20.47,90,97,4.32,RU,2026-03-04 15:12:44
36,port-aux-francais,-49.35,70.2167,39.07,88,94,35.95,TF,2026-03-04 15:12:44
37,sinjai,-5.1241,120.253,76.12,81,100,3.83,ID,2026-03-04 15:12:44
38,yellowknife,62.456,-114.3525,-11.07,91,100,11.88,CA,2026-03-04 15:12:17
39,tazacorte,28.629,-17.9293,64.18,75,67,13.47,ES,2026-03-04 15:12:44
40,touros,-5.1989,-35.4608,80.22,75,50,9.98,BR,2026-03-04 15:12:44
41,yerofey pavlovich,53.9667,121.9667,-17.88,98,19,3.83,RU,2026-03-04 15:12:44
42,sao jose da coroa grande,-8.8978,-35.1478,80.51,69,93,8.32,BR,2026-03-04 15:12:44
43,fryanovo,56.1333,38.45,31.55,92,100,9.44,RU,2026-03-04 15:12:44
44,puerto ayora,-0.7393,-90.3518,81.18,76,75,6.98,EC,2026-03-04 15:12:45
45,hasaki,35.7333,140.8333,44.55,50,0,11.86,JP,2026-03-04 15:12:45
46,iskateley,67.6803,53.1512,-17.64,92,100,5.61,RU,2026-03-04 15:12:45
47,bethel,41.3712,-73.414,39.27,90,87,3.13,US,2026-03-04 15:12:45
48,port mathurin,-19.6833,63.4167,79.48,82,18,13.38,MU,2026-03-04 15:12:45
49,qulsary,46.9531,54.0198,36.45,75,100,11.83,KZ,2026-03-04 15:12:45
50,fort bragg,35.139,-79.006,74.84,55,65,8.59,US,2026-03-04 15:12:45
51,bilibino,68.0546,166.4372,-12.8,97,100,4.21,RU,2026-03-04 15:12:45
52,karratha,-20.7377,116.8463,83.52,64,100,8.19,AU,2026-03-04 15:12:46
53,grytviken,-54.2811,-36.5092,43.54,94,100,5.68,GS,2026-03-04 15:12:46
54,saudarkrokur,65.7461,-19.6394,27.34,86,86,10.83,IS,2026-03-04 15:12:46
55,freetown,8.484,-13.2299,77.77,71,21,6.93,SL,2026-03-04 15:12:46
56,tazovsky,67.4667,78.7,-10.05,98,100,6.29,RU,2026-03-04 15:12:46
57,astrakhan,46.3497,48.0408,34.21,71,57,6.55,RU,2026-03-04 15:12:46
58,coracora,-15.0333,-73.7833,56.75,67,64,8.19,PE,2026-03-04 15:12:46
59,tiksi,71.6872,128.8694,-28.08,100,65,3.74,RU,2026-03-04 15:12:46
60,port elizabeth,-33.918,25.5701,70.16,92,55,3.11,ZA,2026-03-04 15:12:46
61,gadzhiyevo,69.2551,33.3362,17.08,90,100,5.66,RU,2026-03-04 15:12:46
62,conduaga,8.862,117.4893,76.95,88,100,6.06,PH,2026-03-04 15:12:47
63,talamba,30.5271,72.2401,71.85,25,1,4.12,PK,2026-03-04 15:12:47
64,west island,-12.1568,96.8225,80.42,68,2,7.11,CC,2026-03-04 15:12:47
65,invercargill,-46.4,168.35,60.98,49,97,5.03,NZ,2026-03-04 15:12:47
66,kuching,1.55,110.3333,74.64,95,94,2.06,MY,2026-03-04 15:12:47
67,hammerfest,70.6634,23.6821,34.27,89,100,9.64,NO,2026-03-04 15:12:47
68,alofi,-19.0595,-169.9187,82.26,68,69,15.43,NU,2026-03-04 15:12:47
69,yeppoon,-23.1333,150.7333,78.42,67,82,17.72,AU,2026-03-04 15:12:48
70,stanley,54.868,-1.6985,43.84,87,15,11.32,GB,2026-03-04 15:12:48
71,mashtul as suq,30.3606,31.3776,51.46,82,100,5.61,EG,2026-03-04 15:12:48
72,purranque,-40.9167,-73.1667,58.03,46,15,6.49,CL,2026-03-04 15:12:48
73,brisas de zicatela,15.8369,-97.0419,85.3,57,0,5.48,MX,2026-03-04 15:12:48
74,san patricio,28.017,-97.5169,83.34,68,16,20.87,US,2026-03-04 15:12:48
75,sao joao da barra,-21.6403,-41.0511,75.92,75,0,6.96,BR,2026-03-04 15:12:48
76,waitangi,-43.9535,-176.5597,56.84,68,48,6.73,NZ,2026-03-04 15:12:49
77,bayanhongor,46.7167,100.1167,-19.08,80,1,3.56,MN,2026-03-04 15:12:49
78,novodvinsk,64.4165,40.8122,15.46,93,100,9.71,RU,2026-03-04 15:12:49
79,bredasdorp,-34.5322,20.0403,64.63,78,22,1.86,ZA,2026-03-04 15:12:49
80,saipan,15.1355,145.701,80.76,77,62,12.06,MP,2026-03-04 15:12:49
81,praya,14.9215,-23.5087,68.31,68,22,20.96,CV,2026-03-04 15:12:49
82,as sulayyil,20.4607,45.5779,60.93,53,51,11.59,SA,2026-03-04 15:12:49
83,island harbour,50.724,-1.2758,45.7,94,0,8.03,GB,2026-03-04 15:12:49
84,brookings,44.3114,-96.7984,52.18,79,0,10.49,US,2026-03-04 15:11:23
85,klyuchi,52.2667,79.1667,16.74,89,74,9.46,RU,2026-03-04 15:12:49
86,seybaplaya,19.65,-90.6667,79.93,70,10,14.97,MX,2026-03-04 15:12:50
87,sebastopol,44.6,33.5333,40.96,59,20,3.36,UA,2026-03-04 15:12:50
88,vadso,70.0744,29.7487,21.9,90,95,7.34,NO,2026-03-04 15:12:50
89,alice springs,-23.7,133.8833,68.2,85,0,10.45,AU,2026-03-04 15:12:50
90,fada,7.25,4.0667,78.93,81,75,4.56,NG,2026-03-04 15:12:50
91,nichinan,31.6,131.3667,48.51,83,100,6.98,JP,2026-03-04 15:12:50
92,lupane,-18.9315,27.807,67.57,97,100,5.28,ZW,2026-03-04 15:12:50
93,hermanus,-34.4187,19.2345,65.32,87,44,3.53,ZA,2026-03-04 15:12:50
94,new norfolk,-42.7826,147.0587,63.41,67,56,5.48,AU,2026-03-04 15:12:50
95,nikolayevsk-on-amure,53.1406,140.73,18.3,99,100,1.83,RU,2026-03-04 15:12:50
96,fonte boa,-2.4959,-66.2662,84.61,60,100,1.81,BR,2026-03-04 15:12:51
97,tsengel,49.4783,100.8894,4.69,76,0,3.87,MN,2026-03-04 15:12:51
98,broken hill,-31.95,141.4333,68.68,43,0,11.21,AU,2026-03-04 15:12:51
99,christchurch,-43.5333,172.6333,62.82,71,27,6.87,NZ,2026-03-04 15:12:51
100,kalmunai,7.4167,81.8167,75.6,81,36,0.6,LK,2026-03-04 15:12:51
101,castillos,-34.1667,-53.8333,69.42,85,100,6.73,UY,2026-03-04 15:12:51
102,wailua homesteads,22.0669,-159.378,73.18,80,72,15.01,US,2026-03-04 15:12:51
103,arkhangel'sk,64.5401,40.5433,15.67,92,100,10.09,RU,2026-03-04 15:12:51
104,mount gambier,-37.8333,140.7667,59.7,87,25,5.97,AU,2026-03-04 15:12:51
105,statesville,35.7826,-80.8873,74.19,53,91,5.79,US,2026-03-04 15:12:51
106,selogiri,-7.7833,110.8667,77.2,95,100,7.14,ID,2026-03-04 15:12:52
107,thompson,55.7435,-97.8558,-3.84,79,100,5.79,CA,2026-03-04 15:11:08
108,soe,-9.8607,124.284,68.52,86,100,4.05,ID,2026-03-04 15:12:52
109,dwarka,22.2394,68.9678,73.42,75,0,13.31,IN,2026-03-04 15:12:52
110,avarua,-21.2078,-159.775,81.81,73,93,13.06,CK,2026-03-04 15:12:52
111,paramonga,-10.6667,-77.8333,75.47,75,90,9.13,PE,2026-03-04 15:12:52
112,ar rutbah,33.0381,40.2848,47.7,41,96,15.75,IQ,2026-03-04 15:12:52
113,utrik,11.2278,169.8474,81.36,79,99,11.23,MH,2026-03-04 15:12:52
114,antsiranana,-12.2787,49.2917,75.49,91,81,7.05,MG,2026-03-04 15:12:52
115,rongelap,11.1635,166.8941,81.37,76,100,9.66,MH,2026-03-04 15:12:52
116,margaret river,-33.95,115.0667,58.01,88,10,9.26,AU,2026-03-04 15:12:53
117,anadyr,64.75,177.4833,-22.56,96,84,8.79,RU,2026-03-04 15:12:53
118,badger,64.8,-147.5333,-6.7,83,7,0.31,US,2026-03-04 15:12:53
119,puerto santa,-8.9906,-78.6456,76.46,74,63,7.96,PE,2026-03-04 15:12:53
120,beni,0.5,29.4667,67.05,72,100,3.78,CD,2026-03-04 15:12:53
121,igarka,67.4667,86.5833,-13.76,98,100,6.98,RU,2026-03-04 15:12:53
122,lebu,-37.6167,-73.65,57.24,73,43,27.54,CL,2026-03-04 15:12:53
123,ayr,55.4627,-4.6339,47.39,90,32,8.59,GB,2026-03-04 15:12:53
124,petropavlovsk-kamchatsky,53.0452,158.6483,20.25,71,100,2.68,RU,2026-03-04 15:12:53
125,vernon,50.2581,-119.2691,43.5,89,100,0.34,CA,2026-03-04 15:09:51
126,kodiak,57.79,-152.4072,23.76,56,15,2.33,US,2026-03-04 15:12:54
127,nantucket,41.2835,-70.0995,38.86,86,24,8.03,US,2026-03-04 15:12:54
128,bokovskaya,49.229,41.8306,33.39,85,98,15.84,RU,2026-03-04 15:12:54
129,zadawa,11.4496,10.3672,70.92,17,19,9.13,NG,2026-03-04 15:12:54
130,mermoz boabab,14.7065,-17.4758,65.93,81,1,20.83,SN,2026-03-04 15:12:54
131,betio village,1.358,172.9211,81.82,78,99,15.21,KI,2026-03-04 15:12:54
132,pedro munoz,39.4041,-2.9223,50.32,83,100,16.08,ES,2026-03-04 15:12:54
133,stephenville,32.2207,-98.2023,76.32,64,100,10.63,US,2026-03-04 15:12:55
134,praia da vitoria,38.7333,-27.0667,52.47,62,99,22.24,PT,2026-03-04 15:12:55
135,kerikeri,-35.2268,173.9474,66.09,54,12,2.53,NZ,2026-03-04 15:12:55
136,hazaribagh,23.9833,85.35,60.66,24,4,3.42,IN,2026-03-04 15:12:55
137,benghazi,32.1167,20.0667,59.5,59,36,8.66,LY,2026-03-04 15:12:55
138,ribeira grande,38.5167,-28.7,53.46,60,100,22.88,PT,2026-03-04 15:12:55
139,beledweyne,4.7358,45.2036,79.66,66,36,12.08,SO,2026-03-04 15:12:55
140,sabang,5.8933,95.3214,82.06,68,51,8.05,ID,2026-03-04 15:12:55
141,forked river,39.8398,-74.1901,40.98,95,100,2.93,US,2026-03-04 15:12:55
142,tura,25.5198,90.2201,66.33,44,0,3.15,IN,2026-03-04 15:12:55
143,bon-secours,50.4976,3.6075,47.61,80,92,6.82,BE,2026-03-04 15:12:56
144,tambopata,-12.7333,-69.1833,79.57,81,100,0.45,PE,2026-03-04 15:12:56
145,geneva,41.8875,-88.3054,50.65,72,95,6.58,US,2026-03-04 15:12:56
146,cockburn town,21.4612,-71.1419,78.8,81,2,21.56,TC,2026-03-04 15:12:56
147,pokachi,61.7198,75.3683,-23.08,100,78,7.78,RU,2026-03-04 15:12:56
148,qaqortoq,60.7167,-46.0333,8.38,91,33,4.94,GL,2026-03-04 15:12:56
149,okhotsk,59.3833,143.3,0.12,87,97,6.78,RU,2026-03-04 15:12:56
150,nuuk,64.1835,-51.7216,19.98,84,100,5.32,GL,2026-03-04 15:12:56
151,keflavik,64.0049,-22.5624,32.74,73,79,15.93,IS,2026-03-04 15:12:56
152,alpine,32.835,-116.7664,68.31,50,2,8.79,US,2026-03-04 15:12:56
153,wanning,18.8003,110.3967,69.33,91,100,6.17,CN,2026-03-04 15:12:57
154,mataquescuintla,14.5292,-90.1842,72.72,56,84,3.11,GT,2026-03-04 15:12:57
155,sarikei,2.1167,111.5167,74.08,97,100,1.68,MY,2026-03-04 15:12:57
156,havre,49.5833,0.3333,46.87,75,0,8.16,FR,2026-03-04 15:12:57
157,andkhoy,36.9529,65.1238,51.98,74,100,7.14,AF,2026-03-04 15:12:57
158,marmande,44.5,0.1667,52.54,75,60,11.45,FR,2026-03-04 15:12:57
159,cururupu,-1.8283,-44.8683,74.07,98,94,1.66,BR,2026-03-04 15:12:57
160,inarajan village,13.2736,144.7484,80.01,80,50,11.03,GU,2026-03-04 15:12:57
161,saint-joseph,-21.3667,55.6167,77.04,79,60,8.28,RE,2026-03-04 15:12:57
162,puerto deseado,-47.7503,-65.8938,55.62,44,100,13.0,AR,2026-03-04 15:12:57
163,selkirk,50.1436,-96.8845,14.94,90,100,14.5,CA,2026-03-04 15:12:58
164,angaur state,6.906,134.13,82.94,78,99,13.29,PW,2026-03-04 15:12:58
165,atafu village,-8.5421,-172.5159,82.58,77,100,11.05,TK,2026-03-04 15:12:58
166,dunedin,-45.8742,170.5036,64.04,61,51,3.4,NZ,2026-03-04 15:12:58
167,qamdo,31.1667,97.2333,26.15,34,100,2.42,CN,2026-03-04 15:12:58
168,nemuro,43.3236,145.575,32.67,91,100,20.33,JP,2026-03-04 15:12:58
169,turtas,58.9417,69.1325,1.99,94,100,8.93,RU,2026-03-04 15:12:58
170,murzuq,25.9155,13.9184,59.63,22,0,10.54,LY,2026-03-04 15:12:58
171,nishinoomote,30.7333,131.0,57.61,71,95,13.98,JP,2026-03-04 15:12:58
172,georgetown,5.4112,100.3354,78.01,84,100,6.29,MY,2026-03-04 15:12:58
173,pratt,37.6439,-98.7376,52.63,63,0,1.28,US,2026-03-04 15:12:58
174,natal,-5.795,-35.2094,80.4,76,69,7.96,BR,2026-03-04 15:11:47
175,goondiwindi,-28.55,150.3167,75.04,63,0,11.48,AU,2026-03-04 15:12:59
176,puerto madryn,-42.7692,-65.0385,69.39,18,0,19.66,AR,2026-03-04 15:12:59
177,saldanha,-33.0117,17.9442,63.7,90,1,3.09,ZA,2026-03-04 15:12:59
178,vila do maio,15.1333,-23.2167,68.68,69,2,19.82,CV,2026-03-04 15:12:59
179,makubetsu,45.3714,141.8211,31.32,92,100,17.94,JP,2026-03-04 15:12:59
180,rizokarpaso,35.6,34.375,51.35,42,3,6.04,CY,2026-03-04 15:12:59
181,port alfred,-33.5906,26.891,73.44,92,58,5.23,ZA,2026-03-04 15:12:59
182,kenai,60.5544,-151.2583,8.76,86,89,6.38,US,2026-03-04 15:12:59
183,moussoro,13.6408,16.4901,69.93,9,0,12.46,TD,2026-03-04 15:12:59
184,carhaix-plouguer,48.2759,-3.5733,46.72,95,0,5.06,FR,2026-03-04 15:13:00
185,caxito,-8.5785,13.6643,74.46,92,94,1.81,AO,2026-03-04 15:13:00
186,sofifi,0.7349,127.576,79.5,84,94,9.95,ID,2026-03-04 15:13:00
187,ceuta,35.8903,-5.3075,54.88,76,100,7.65,ES,2026-03-04 15:13:00
188,basco,20.4487,121.9702,75.24,73,92,18.23,PH,2026-03-04 15:13:00
189,puerto san jose,13.9256,-90.8244,90.7,56,2,10.58,GT,2026-03-04 15:13:00
190,boyolangu,-8.1181,111.8935,79.83,89,99,4.27,ID,2026-03-04 15:13:00
191,syktyvkar,61.6764,50.8099,-19.62,100,91,3.33,RU,2026-03-04 15:13:00
192,kurara,25.9833,79.9833,69.91,27,0,6.64,IN,2026-03-04 15:13:00
193,at taj,24.2049,23.2857,58.35,35,100,10.51,LY,2026-03-04 15:13:00
194,jamestown,42.097,-79.2353,50.36,63,11,2.28,US,2026-03-04 15:13:01
195,kissidougou,9.1848,-10.0999,76.66,74,99,5.21,GN,2026-03-04 15:13:01
196,sankt ruprecht,45.9778,15.0956,40.44,84,12,3.62,SI,2026-03-04 15:13:01
197,inyati,-19.6756,28.8469,63.93,96,100,8.9,ZW,2026-03-04 15:13:01
198,taroa,8.7058,171.2275,81.97,78,100,11.27,MH,2026-03-04 15:13:01
199,fale old settlement,-9.3852,-171.2468,83.1,75,78,10.47,TK,2026-03-04 15:13:01
200,turmalina,-17.2856,-42.73,69.87,92,57,4.03,BR,2026-03-04 15:13:01
201,mirnyy,62.5353,113.9611,-9.98,100,100,6.58,RU,2026-03-04 15:13:01
202,lihue,21.9789,-159.3672,73.89,80,74,13.96,US,2026-03-04 15:13:01
203,puerto cabezas,14.0351,-83.3888,81.1,92,11,11.21,NI,2026-03-04 15:13:01
204,tulun,54.5611,100.5792,-5.55,100,98,2.84,RU,2026-03-04 15:13:02
205,susuman,62.7833,148.1667,-26.43,79,28,1.74,RU,2026-03-04 15:13:02
206,chanika,-5.4167,38.0167,67.89,98,91,1.68,TZ,2026-03-04 15:13:02
207,padre bernardo,-15.35,-48.5,76.15,79,100,3.69,BR,2026-03-04 15:13:02
208,aripuana,-9.1667,-60.6333,76.28,97,100,3.69,BR,2026-03-04 15:13:02
209,tanah rata,4.475,101.3704,59.61,90,94,1.9,MY,2026-03-04 15:13:02
210,horsens,55.8607,9.8503,33.6,89,68,3.0,DK,2026-03-04 15:13:02
211,soio,-6.1349,12.3689,80.01,81,100,6.35,AO,2026-03-04 15:13:03
212,ukiah,39.1502,-123.2078,56.8,58,4,15.64,US,2026-03-04 15:09:54
213,marka,1.7159,44.7717,79.84,81,90,13.51,SO,2026-03-04 15:13:03
214,morehead city,34.7229,-76.726,65.17,88,90,9.31,US,2026-03-04 15:12:41
215,wotho,10.1657,166.0102,81.79,75,100,7.4,MH,2026-03-04 15:13:03
216,tasqala,51.1167,50.3167,22.06,94,100,8.48,KZ,2026-03-04 15:13:03
217,dadiya,9.6167,11.4333,78.64,14,15,4.16,NG,2026-03-04 15:13:03
218,nova sintra,14.8667,-24.7167,69.94,70,0,26.71,CV,2026-03-04 15:13:03
219,villa gesell,-37.2639,-56.973,66.99,64,0,24.61,AR,2026-03-04 15:13:03
220,kendari,-3.945,122.4989,75.92,93,93,1.86,ID,2026-03-04 15:13:03
221,luderitz,-26.6481,15.1594,61.32,84,0,9.55,NA,2026-03-04 15:13:04
222,boulder city,35.9786,-114.8325,70.95,18,36,2.39,US,2026-03-04 15:13:04
223,polyarnyy,69.1989,33.4478,17.82,88,100,6.02,RU,2026-03-04 15:13:04
224,sitka,57.0531,-135.33,36.75,74,100,11.52,US,2026-03-04 15:13:04
225,saynshand,44.8824,110.1163,9.77,43,100,9.24,MN,2026-03-04 15:13:04
226,creston,41.0586,-94.3614,48.07,76,100,5.66,US,2026-03-04 15:13:04
227,olovyannaya,50.95,115.5667,-26.16,100,78,3.06,RU,2026-03-04 15:13:04
228,mga,59.75,31.0667,32.25,95,100,4.79,RU,2026-03-04 15:13:04
229,port saint john's,-31.6229,29.5448,73.47,87,0,10.27,ZA,2026-03-04 15:13:04
230,atasu,48.6814,71.6433,13.15,98,94,7.11,KZ,2026-03-04 15:13:05
231,mejit,10.2753,170.8646,80.98,81,95,10.49,MH,2026-03-04 15:13:05
232,meadow lake,34.8014,-106.5436,68.04,17,80,5.5,US,2026-03-04 15:13:05
233,kenora,49.8167,-94.4337,19.76,88,100,10.31,CA,2026-03-04 15:13:05
234,nelson bay,-32.7167,152.15,73.08,85,43,9.93,AU,2026-03-04 15:13:05
235,afaahiti,-17.75,-149.2833,79.77,71,99,15.05,PF,2026-03-04 15:13:05
236,kapuskasing,49.4169,-82.4331,7.41,94,100,8.25,CA,2026-03-04 15:13:05
237,malvan,16.0667,73.4667,75.16,82,4,3.0,IN,2026-03-04 15:13:05
238,medicine hat,50.0501,-110.6683,49.71,81,100,13.33,CA,2026-03-04 15:11:50
239,port augusta,-32.5,137.7667,68.07,67,0,11.18,AU,2026-03-04 15:13:06
240,port lincoln,-34.7333,135.8667,62.06,80,0,3.44,AU,2026-03-04 15:13:06
241,katsuura,35.1333,140.3,46.81,48,12,27.56,JP,2026-03-04 15:13:06
242,peniche,39.3558,-9.3811,55.92,93,3,11.68,PT,2026-03-04 15:13:06
243,severo-yeniseyskiy,60.3725,93.0408,-15.41,98,100,3.06,RU,2026-03-04 15:13:06
244,buala,-8.145,159.5921,82.72,78,91,9.17,SB,2026-03-04 15:13:06
245,grand-bassam,5.2118,-3.7388,80.51,84,84,5.59,CI,2026-03-04 15:13:06
246,la passe,45.5549,-0.8967,52.83,84,0,10.33,FR,2026-03-04 15:13:06
247,hithadhoo,-0.6,73.0833,80.78,67,72,4.97,MV,2026-03-04 15:13:07
248,el alto,-4.2714,-81.2147,75.6,78,100,7.02,PE,2026-03-04 15:13:07
249,balqash,46.8481,74.995,22.28,96,91,4.65,KZ,2026-03-04 15:13:07
250,ostersund,63.1792,14.6357,36.19,85,100,7.0,SE,2026-03-04 15:13:07
251,al mindak,20.1588,41.2834,54.43,38,0,5.55,SA,2026-03-04 15:13:07
252,burshtyn,49.2587,24.6278,39.58,88,82,6.33,UA,2026-03-04 15:13:07
253,elizabethton,36.3487,-82.2107,71.76,59,100,3.36,US,2026-03-04 15:13:07
254,bagan serai,5.0108,100.541,78.04,88,100,3.29,MY,2026-03-04 15:13:07
255,labuan,5.2767,115.2417,77.34,92,77,5.88,MY,2026-03-04 15:13:07
256,lompoc,34.6391,-120.4579,68.86,62,56,17.81,US,2026-03-04 15:13:07
257,coomera,-27.8833,153.3,77.63,86,22,8.55,AU,2026-03-04 15:13:07
258,rio grande,-32.035,-52.0986,72.88,86,94,6.55,BR,2026-03-04 15:13:08
259,ilheus,-14.7889,-39.0494,79.12,94,100,5.39,BR,2026-03-04 15:13:08
260,sumbawa besar,-8.5,117.4333,73.11,99,74,3.62,ID,2026-03-04 15:13:08
261,tharad,24.3961,71.6267,70.48,44,0,6.17,IN,2026-03-04 15:13:08
262,uttar char fasson,22.2332,90.7132,72.72,66,0,4.0,BD,2026-03-04 15:13:08
263,sisimiut,66.9395,-53.6735,13.57,92,100,6.53,GL,2026-03-04 15:13:08
264,segou,13.4317,-6.2157,86.92,11,100,7.07,ML,2026-03-04 15:13:08
265,chimore,-16.9833,-65.1333,86.5,86,99,3.15,BO,2026-03-04 15:13:09
266,augusto correa,-1.0217,-46.635,74.23,99,100,3.58,BR,2026-03-04 15:13:09
267,paripiranga,-10.6875,-37.8617,74.32,76,100,12.28,BR,2026-03-04 15:13:09
268,ko samui,9.5357,99.9357,81.72,69,3,4.14,TH,2026-03-04 15:13:09
269,trenggalek,-8.05,111.7167,78.87,92,100,5.5,ID,2026-03-04 15:13:09
270,minas de marcona,-15.2119,-75.1103,70.12,62,1,16.02,PE,2026-03-04 15:13:09
271,lautoka,-17.6167,177.4667,85.1,68,15,3.67,FJ,2026-03-04 15:13:09
272,sao paulo de olivenca,-3.3783,-68.8725,77.04,96,100,3.87,BR,2026-03-04 15:13:09
273,callao,-12.0667,-77.15,73.49,81,77,9.91,PE,2026-03-04 15:13:09
274,kloulklubed,7.0419,134.2556,82.94,76,100,13.96,PW,2026-03-04 15:13:09
275,hastings,50.8552,0.5729,49.66,86,5,13.22,GB,2026-03-04 15:13:09
276,cherven bryag,43.2667,24.1,43.0,79,100,3.38,BG,2026-03-04 15:13:10
277,sant lluis,39.8526,4.2594,57.49,94,100,20.51,ES,2026-03-04 15:13:10
278,santana,-0.0583,-51.1817,75.67,94,100,5.66,BR,2026-03-04 15:13:10
279,vuktyl,63.8567,57.3094,-25.53,100,56,1.25,RU,2026-03-04 15:13:10
280,puerto baquerizo moreno,-0.9,-89.6,80.15,78,40,8.41,EC,2026-03-04 15:13:10
281,winnemucca,40.973,-117.7357,44.1,71,96,28.01,US,2026-03-04 15:13:10
282,hami,42.8,93.45,34.57,40,1,9.15,CN,2026-03-04 15:13:10
283,egilsstadir,65.2653,-14.3948,25.2,67,51,6.69,IS,2026-03-04 15:13:10
284,tuy hoa,13.0833,109.3,71.35,96,45,1.5,VN,2026-03-04 15:13:10
285,daru,-9.0763,143.2092,77.25,87,100,13.0,PG,2026-03-04 15:13:10
286,harstad,68.799,16.5293,38.5,89,93,10.76,NO,2026-03-04 15:13:11
287,kapa'a,22.0752,-159.319,74.39,80,61,17.45,US,2026-03-04 15:13:11
288,keetmanshoop,-26.5833,18.1333,75.54,34,86,12.08,NA,2026-03-04 15:13:11
289,fuyang,32.9,115.8167,42.51,84,100,2.93,CN,2026-03-04 15:11:50
290,aykhal,66.0,111.5,-17.21,99,100,5.5,RU,2026-03-04 15:13:11
291,holualoa,19.6228,-155.9522,75.31,71,78,7.11,US,2026-03-04 15:13:11
292,bonthe,7.5264,-12.505,77.79,84,42,6.38,SL,2026-03-04 15:13:11
293,zapolyarnyy,69.4154,30.8136,6.67,97,96,4.61,RU,2026-03-04 15:13:12
294,salavan,15.7167,106.4167,66.74,95,100,3.89,LA,2026-03-04 15:13:12
295,rawai,7.7797,98.3253,81.27,69,55,15.28,TH,2026-03-04 15:13:12
296,sambava,-14.2667,50.1667,74.68,90,99,5.17,MG,2026-03-04 15:13:12
297,hinton,53.4001,-117.5857,33.71,80,100,4.0,CA,2026-03-04 15:13:12
298,kailua-kona,19.6406,-155.9956,77.68,73,76,8.01,US,2026-03-04 15:13:13
299,ola,59.5833,151.2833,1.27,72,93,8.21,RU,2026-03-04 15:13:13
300,broome,42.2506,-75.833,41.92,73,2,0.96,US,2026-03-04 15:13:13
301,lamu,-2.2717,40.902,79.9,85,98,8.03,KE,2026-03-04 15:13:13
302,itaporanga,-7.3044,-38.1503,77.59,80,98,4.43,BR,2026-03-04 15:13:13
303,puerto madero,14.7208,-92.4215,91.13,62,0,10.67,MX,2026-03-04 15:13:13
304,ta`u,-14.2336,-169.5144,82.83,70,69,10.56,AS,2026-03-04 15:13:13
305,boa vista,2.8197,-60.6733,94.66,35,75,11.01,BR,2026-03-04 15:13:13
306,ad dilam,23.9915,47.1627,55.83,36,100,7.34,SA,2026-03-04 15:13:13
307,velyka oleksandrivka,47.3197,33.3037,40.17,80,99,14.14,UA,2026-03-04 15:13:13
308,seven pagodas,12.6264,80.1722,74.01,78,0,2.42,IN,2026-03-04 15:13:14
309,birao,10.2849,22.7882,65.64,13,37,6.06,CF,2026-03-04 15:13:14
310,banff,51.1762,-115.5698,34.21,61,99,3.71,CA,2026-03-04 15:13:14
311,turkmenbasy,40.0222,52.9552,46.08,70,67,10.83,TM,2026-03-04 15:13:14
312,malango,-2.9627,119.9001,63.88,93,90,3.2,ID,2026-03-04 15:13:14
313,remire-montjoly,4.9167,-52.2667,78.1,84,97,10.67,GF,2026-03-04 15:13:14
314,ad dawadimi,24.5077,44.3924,50.36,28,60,8.88,SA,2026-03-04 15:13:14
315,satuek,15.297,103.2919,73.38,79,93,8.59,TH,2026-03-04 15:13:14
316,yen vinh,18.6667,105.6667,65.8,87,100,2.68,VN,2026-03-04 15:13:14
317,tsiombe,-25.3,45.4833,76.23,94,39,6.53,MG,2026-03-04 15:13:14
318,mazamari,-11.3258,-74.5308,75.51,97,100,1.7,PE,2026-03-04 15:13:15
319,saint-philippe,-21.3585,55.7679,77.76,82,73,7.85,RE,2026-03-04 15:13:15
320,launceston,-41.45,147.1667,63.14,75,51,11.86,AU,2026-03-04 15:13:15
321,bubaque,11.2833,-15.8333,75.97,74,95,17.29,GW,2026-03-04 15:13:15
322,yondo,7.0062,-73.9097,93.58,62,15,1.32,CO,2026-03-04 15:13:15
323,kiunga,-6.1219,141.2906,73.26,99,100,2.1,PG,2026-03-04 15:13:15
324,guerrero negro,27.9769,-114.0611,68.09,60,94,17.25,MX,2026-03-04 15:13:15
325,kaspiyskiy,45.3929,47.3707,34.25,82,8,7.43,RU,2026-03-04 15:13:16
326,sovetskaya gavan',48.9723,140.2878,21.42,96,100,3.85,RU,2026-03-04 15:13:16
327,vorkuta,67.5,64.0,-39.62,99,46,6.29,RU,2026-03-04 15:12:07
328,lazaro cardenas,17.9583,-102.2,81.84,61,2,10.71,MX,2026-03-04 15:13:16
329,cavalaire-sur-mer,43.174,6.5272,52.14,77,95,22.97,FR,2026-03-04 15:13:16
330,ngorongoro,-3.2397,35.4875,54.0,95,100,3.31,TZ,2026-03-04 15:13:16
331,yacuiba,-22.038,-63.6797,75.78,82,99,6.31,BO,2026-03-04 15:13:16
332,ilhabela,-23.7781,-45.3581,74.44,87,76,5.86,BR,2026-03-04 15:13:16
333,conception bay south,47.4999,-52.9981,33.15,92,99,17.45,CA,2026-03-04 15:13:16
334,yazykovo,55.2199,56.1353,-3.44,100,88,3.96,RU,2026-03-04 15:13:16
335,muroto-misakicho,33.2833,134.15,48.74,63,20,6.62,JP,2026-03-04 15:13:17
336,hadibu,12.65,54.0333,74.82,76,4,8.03,YE,2026-03-04 15:13:17
337,lahij,13.1667,44.5833,72.07,86,96,5.95,YE,2026-03-04 15:13:17
338,alotau,-10.3069,150.4462,78.49,90,100,5.46,PG,2026-03-04 15:13:17
339,rameswaram,9.2833,79.3,79.83,79,5,11.9,IN,2026-03-04 15:13:17
340,kondagaon,19.6,81.6667,64.0,27,0,4.99,IN,2026-03-04 15:13:17
341,quchan,37.106,58.5095,42.84,86,100,1.1,IR,2026-03-04 15:13:17
342,port blair,11.6667,92.75,76.28,68,0,6.76,IN,2026-03-04 15:13:18
343,tvoroyri,61.5556,-6.8111,44.02,93,100,7.63,FO,2026-03-04 15:13:18
344,kaoma,-14.7833,24.8,66.15,96,100,3.69,ZM,2026-03-04 15:13:18
345,noumea,-22.2763,166.4572,76.39,87,100,5.12,NC,2026-03-04 15:13:18
346,taksimo,56.3444,114.8794,-18.47,88,96,1.45,RU,2026-03-04 15:13:18
347,kudat,6.8837,116.8477,76.89,93,92,4.92,MY,2026-03-04 15:13:19
348,zaozersk,69.4005,32.4476,15.6,95,100,3.29,RU,2026-03-04 15:13:19
349,papao,-17.75,-149.55,82.44,64,98,16.75,PF,2026-03-04 15:13:19
350,inhambane,-23.865,35.3833,77.63,91,100,4.54,MZ,2026-03-04 15:13:19
351,el porvenir,13.7617,-87.3458,87.98,47,13,13.91,HN,2026-03-04 15:13:19
352,baardheere,2.3446,42.2764,82.02,64,94,14.76,SO,2026-03-04 15:13:19
353,loukhi,66.0764,33.0381,19.65,95,100,6.98,RU,2026-03-04 15:13:19
354,suva,-18.1416,178.4415,83.75,72,28,7.31,FJ,2026-03-04 15:13:19
355,dubai,25.2582,55.3047,74.73,75,61,10.45,AE,2026-03-04 15:13:19
356,camana,-16.6228,-72.7111,78.22,75,1,6.02,PE,2026-03-04 15:13:19
357,neryungri,56.6709,124.6491,-7.44,99,100,3.06,RU,2026-03-04 15:13:20
358,horta,38.5333,-28.6333,54.12,61,100,22.46,PT,2026-03-04 15:13:20
359,nanao,37.05,136.9667,38.91,76,100,0.81,JP,2026-03-04 15:13:20
360,wewak,-3.5534,143.6268,77.72,89,100,1.5,PG,2026-03-04 15:13:20
361,at-bashi,41.1702,75.8106,25.47,86,100,1.61,KG,2026-03-04 15:13:20
362,san antonio de pale,-1.4014,5.6325,81.37,80,70,11.32,GQ,2026-03-04 15:13:20
363,williston,48.147,-103.618,48.4,65,100,12.01,US,2026-03-04 15:13:20
364,inderbor,48.55,51.7833,30.38,71,99,14.5,KZ,2026-03-04 15:13:20
365,beboto,8.2668,16.939,74.88,14,9,4.94,TD,2026-03-04 15:13:20
366,middlebury (village),44.0153,-73.1673,34.68,99,100,5.5,US,2026-03-04 15:13:20
367,labrador city,52.9463,-66.9114,-10.84,84,100,14.16,CA,2026-03-04 15:13:21
368,colonia,50.9333,6.95,45.86,75,4,4.9,DE,2026-03-04 15:13:21
369,isiro,2.7739,27.616,67.87,40,76,3.36,CD,2026-03-04 15:13:21
370,kiffa,16.6166,-11.4045,77.7,11,0,8.32,MR,2026-03-04 15:13:21
371,sinzig,50.55,7.25,45.41,80,1,4.27,DE,2026-03-04 15:13:21
372,chiang klang,19.2938,100.8617,66.2,55,4,0.51,TH,2026-03-04 15:13:21
373,kourou,5.1552,-52.6478,75.31,91,100,6.08,GF,2026-03-04 15:13:21
374,pea ridge,38.414,-82.3199,62.11,94,100,2.71,US,2026-03-04 15:13:21
375,ploudalmezeau,48.5333,-4.65,49.73,87,68,8.3,FR,2026-03-04 15:13:21
376,magadan,59.5667,150.8,5.61,64,98,8.05,RU,2026-03-04 15:13:21
377,fayetteville,35.0527,-78.8784,75.0,55,76,8.21,US,2026-03-04 15:13:22
378,dompu,-8.5356,118.4622,72.81,96,24,2.46,ID,2026-03-04 15:13:22
379,jutai,-5.1833,-68.9,79.59,90,100,1.74,BR,2026-03-04 15:13:22
380,nurmijarvi,60.4641,24.8073,37.02,80,78,12.86,FI,2026-03-04 15:13:22
381,manokwari,-0.8667,134.0833,77.65,82,100,3.31,ID,2026-03-04 15:13:22
382,nguigmi,14.2495,13.1092,70.0,15,21,14.52,NE,2026-03-04 15:13:22
383,chauk,20.8833,94.8167,75.4,38,0,2.13,MM,2026-03-04 15:13:22
384,cam ranh,11.9214,109.1591,69.8,85,5,6.02,VN,2026-03-04 15:13:22
385,bikenibeu village,1.3673,173.1241,81.77,78,100,15.19,KI,2026-03-04 15:13:22
386,kirakira,-10.4544,161.9205,81.9,81,100,6.87,SB,2026-03-04 15:13:22
387,lucas,41.6501,-83.6666,52.05,76,99,6.69,US,2026-03-04 15:13:23
388,lepsy,46.235,78.9456,32.63,86,100,16.51,KZ,2026-03-04 15:13:23
389,bloemfontein,-29.1211,26.214,70.36,53,69,8.61,ZA,2026-03-04 15:13:23
390,coquimbo,-29.9533,-71.3436,66.76,74,0,5.84,CL,2026-03-04 15:13:23
391,chabahar,25.2919,60.643,72.23,74,2,2.59,IR,2026-03-04 15:13:23
392,guayaquil,-2.1667,-79.9,76.5,92,96,6.2,EC,2026-03-04 15:13:23
393,happy valley-goose bay,53.3168,-60.3315,1.54,87,100,7.9,CA,2026-03-04 15:13:23
394,crixas,-14.5489,-49.9692,76.21,83,100,1.86,BR,2026-03-04 15:13:23
395,foca,38.6703,26.7566,52.83,59,8,10.09,TR,2026-03-04 15:13:23
396,kangding,30.0513,101.9603,38.82,85,91,1.34,CN,2026-03-04 15:13:23
397,walvis bay,-22.9575,14.5053,63.18,83,29,10.92,NA,2026-03-04 15:13:24
398,crane,31.3974,-102.3501,77.45,42,4,8.32,US,2026-03-04 15:13:24
399,yurimaguas,-5.9,-76.0833,85.15,70,100,3.89,PE,2026-03-04 15:13:24
400,lerwick,60.1545,-1.1494,45.37,92,100,19.71,GB,2026-03-04 15:13:24
401,nagua,19.3832,-69.8474,82.31,73,32,8.97,DO,2026-03-04 15:13:24
402,dubovskoye,47.4092,42.7575,32.88,77,40,11.92,RU,2026-03-04 15:13:24
403,ancud,-41.8697,-73.8203,56.79,58,23,6.04,CL,2026-03-04 15:13:24
404,tolanaro,-25.0319,46.9987,78.17,84,3,13.51,MG,2026-03-04 15:13:24
405,illizi,26.4833,8.4667,75.36,19,77,9.1,DZ,2026-03-04 15:13:24
406,obuase,6.206,-1.6619,75.06,92,96,2.04,GH,2026-03-04 15:13:24
407,mahalapye,-23.1041,26.8142,70.2,84,100,7.05,BW,2026-03-04 15:13:25
408,babana,10.4295,3.815,85.87,16,15,5.77,NG,2026-03-04 15:13:25
409,guarapari,-20.6667,-40.4975,76.08,83,2,2.48,BR,2026-03-04 15:13:25
410,fuerte olimpo,-21.0415,-57.8738,86.7,49,88,4.81,PY,2026-03-04 15:13:25
411,katsuren-haebaru,26.3369,127.8719,66.61,65,99,15.73,JP,2026-03-04 15:13:25
412,williams lake,52.1415,-122.1445,46.11,70,49,0.54,CA,2026-03-04 15:13:25
413,wanxian,30.8039,108.3897,58.77,71,100,3.44,CN,2026-03-04 15:13:25
414,pangody,65.85,74.4859,-27.11,100,98,5.08,RU,2026-03-04 15:13:25
415,jhanjharpur,26.2667,86.2833,64.98,33,0,4.5,IN,2026-03-04 15:13:26
416,la cruz,23.9167,-106.9,78.85,65,2,10.38,MX,2026-03-04 15:13:26
417,usakos,-22.0,15.6,70.84,46,41,5.48,NA,2026-03-04 15:13:26
418,sao bernardo,-3.3614,-42.4178,75.58,95,100,6.11,BR,2026-03-04 15:13:26
419,bitkine,11.9801,18.2138,73.87,10,39,7.74,TD,2026-03-04 15:13:26
420,nuku'alofa,-21.1333,-175.2,82.53,77,15,12.28,TO,2026-03-04 15:13:26
421,haiku-pauwela,20.9219,-156.3051,75.22,72,84,20.67,US,2026-03-04 15:13:26
422,kaset wisai,15.6556,103.5836,72.84,74,95,9.62,TH,2026-03-04 15:13:26
423,nema,57.5067,50.5011,-5.42,100,95,3.89,RU,2026-03-04 15:13:26
424,nadi,-17.8,177.4167,87.42,63,20,1.7,FJ,2026-03-04 15:12:56
425,taoudenni,22.6783,-3.9836,68.81,21,0,9.35,ML,2026-03-04 15:13:27
426,kavaratti,10.5669,72.642,80.94,73,3,7.81,IN,2026-03-04 15:13:27
427,thunder bay,48.4001,-89.3168,22.35,94,100,7.11,CA,2026-03-04 15:13:27
428,motueka,-41.1333,173.0167,63.7,60,51,2.06,NZ,2026-03-04 15:13:27
429,velizh,55.6056,31.1967,32.09,92,100,10.6,RU,2026-03-04 15:13:27
430,kavieng,-2.5744,150.7967,82.11,72,100,1.92,PG,2026-03-04 15:13:27
431,prince rupert,54.3161,-130.3201,41.52,91,100,12.44,CA,2026-03-04 15:13:27
432,trincomalee,8.5711,81.2335,78.44,79,37,4.09,LK,2026-03-04 15:13:27
433,yonago,35.4333,133.3333,43.99,66,92,7.23,JP,2026-03-04 15:13:27
434,tocopilla,-22.092,-70.1979,73.02,67,39,4.47,CL,2026-03-04 15:13:27
435,cruz alta,-28.6386,-53.6064,76.3,70,68,10.45,BR,2026-03-04 15:13:28
436,tadine,-21.55,167.8833,77.11,88,99,3.24,NC,2026-03-04 15:13:28
437,piedmont,37.8244,-122.2316,61.56,49,6,13.09,US,2026-03-04 15:13:28
438,khromtau,50.2503,58.4347,27.21,90,94,19.84,KZ,2026-03-04 15:13:28
439,tromso,69.6496,18.957,36.63,90,100,15.77,NO,2026-03-04 15:13:28
440,mount isa,-20.7333,139.5,76.95,60,49,16.49,AU,2026-03-04 15:13:28
441,punta del este,-34.9667,-54.95,71.94,87,75,12.37,UY,2026-03-04 15:13:28
442,meulaboh,4.1363,96.1285,75.69,93,100,5.77,ID,2026-03-04 15:13:28
443,acopiara,-6.0953,-39.4525,73.62,95,99,4.61,BR,2026-03-04 15:13:28
444,shimanovsk,52.0,127.7,-13.27,99,80,4.7,RU,2026-03-04 15:13:28
445,maevatanana,-13.8831,48.5289,72.09,94,100,3.13,MG,2026-03-04 15:13:29
446,buka,40.8108,69.1986,43.84,89,100,3.06,UZ,2026-03-04 15:13:29
447,n'zeto,-7.2312,12.8666,78.73,82,100,5.73,AO,2026-03-04 15:13:29
448,enewetak,11.3474,162.3373,81.05,81,100,12.15,MH,2026-03-04 15:13:29
449,antofagasta,-23.65,-70.4,71.26,75,100,3.8,CL,2026-03-04 15:13:29
450,mata-utu,-13.2816,-176.1745,83.5,75,10,14.79,WF,2026-03-04 15:13:29
451,east london,-33.0153,27.9116,72.99,82,4,10.92,ZA,2026-03-04 15:13:29
452,newman,37.3138,-121.0208,67.87,37,5,14.38,US,2026-03-04 15:13:29
453,shihezi,44.3,86.0333,18.64,90,97,3.6,CN,2026-03-04 15:13:29
454,garissa,-0.4536,39.6401,81.9,72,99,15.14,KE,2026-03-04 15:13:29
455,lichinga,-13.3128,35.2406,62.28,96,87,5.68,MZ,2026-03-04 15:13:30
456,flying fish cove,-10.4217,105.6791,81.19,72,100,12.95,CX,2026-03-04 15:13:30
457,harpswell center,43.8018,-69.9842,36.27,99,96,3.15,US,2026-03-04 15:13:30
458,torghay,49.6339,63.4981,30.52,95,100,14.56,KZ,2026-03-04 15:13:30
459,selebi-phikwe,-21.979,27.8498,68.7,87,95,5.41,BW,2026-03-04 15:13:30
460,strelka,58.0728,93.0344,-7.22,99,99,3.74,RU,2026-03-04 15:13:30
461,gamba,-2.65,10.0,76.44,83,29,4.14,GA,2026-03-04 15:13:30
462,sandnessjoen,66.0217,12.6316,42.28,87,100,15.59,NO,2026-03-04 15:13:30
463,khandyga,62.6667,135.6,-5.87,93,100,2.62,RU,2026-03-04 15:13:30
464,pisco,-13.7,-76.2167,78.89,73,40,8.05,PE,2026-03-04 15:13:30
465,shimoda,34.6667,138.95,49.41,73,19,1.86,JP,2026-03-04 15:13:31
466,kormilovka,55.0026,74.1028,26.71,95,100,16.84,RU,2026-03-04 15:13:31
467,namibe,-15.1961,12.1522,72.84,77,100,5.48,AO,2026-03-04 15:13:31
468,leava,-14.3,-178.1667,83.95,76,10,15.86,WF,2026-03-04 15:13:31
469,dongsheng,39.8161,109.9776,23.88,33,0,20.31,CN,2026-03-04 15:13:31
470,porto velho,-8.7619,-63.9039,80.76,71,97,1.3,BR,2026-03-04 15:13:31
471,lady frere,-31.7031,27.2329,68.67,35,3,7.54,ZA,2026-03-04 15:13:31
472,borzya,50.3833,116.5167,-22.18,100,65,2.08,RU,2026-03-04 15:13:32
473,olonets,60.9847,32.9698,32.13,99,100,3.67,RU,2026-03-04 15:13:32
474,canutama,-6.5339,-64.3831,83.34,78,98,1.9,BR,2026-03-04 15:13:32
475,zhangye,38.9342,100.4517,29.41,45,1,7.63,CN,2026-03-04 15:13:32
476,goderich,43.7501,-81.7165,38.8,78,5,1.25,CA,2026-03-04 15:13:32
477,tshabong,-26.05,22.45,74.23,66,86,9.86,BW,2026-03-04 15:13:32
478,amfissa,38.525,22.3731,49.32,74,21,1.63,GR,2026-03-04 15:13:32
479,codrington,-38.2667,141.9667,59.22,83,1,9.53,AU,2026-03-04 15:13:32
480,staroyur'yevo,53.3161,40.7081,32.7,98,100,12.3,RU,2026-03-04 15:13:32
481,cabo san lucas,22.8909,-109.9124,77.94,56,1,5.44,MX,2026-03-04 15:10:36
482,tamazulapam villa del progreso,17.6806,-97.5689,77.88,18,1,10.89,MX,2026-03-04 15:13:33
483,punta arenas,-53.15,-70.9167,47.14,69,100,18.77,CL,2026-03-04 15:13:33
484,lucapa,-8.4192,20.7447,65.59,98,100,2.55,AO,2026-03-04 15:13:33
485,luga,58.7372,29.8453,32.65,95,100,9.17,RU,2026-03-04 15:13:33
486,bochum,51.4833,7.2167,45.05,83,5,4.38,DE,2026-03-04 15:13:33
487,jayapura,-2.5333,140.7,73.27,87,100,2.64,ID,2026-03-04 15:13:33
488,fort st. john,56.2499,-120.8529,14.38,92,100,5.35,CA,2026-03-04 15:10:07
489,gunnison,38.7,-107.0673,47.08,21,0,5.23,US,2026-03-04 15:13:33
490,irkutsk,52.2978,104.2964,-7.15,99,93,2.82,RU,2026-03-04 15:13:33
491,sao felix do xingu,-6.6447,-51.995,74.57,96,100,1.61,BR,2026-03-04 15:13:33
492,portland,45.5234,-122.6762,50.67,79,100,10.56,US,2026-03-04 15:09:44
493,kadnikov,59.5022,40.338,22.39,96,100,6.62,RU,2026-03-04 15:13:34
494,tamandare,-8.7597,-35.1047,80.6,69,94,7.38,BR,2026-03-04 15:13:34
495,surat thani,9.1667,99.25,73.72,79,53,2.93,TH,2026-03-04 15:13:35
496,lorengau,-2.0226,147.2712,81.36,82,100,10.51,PG,2026-03-04 15:13:35
497,saldana,3.9292,-75.0152,87.03,60,1,1.54,CO,2026-03-04 15:13:35
498,dondo,-19.6094,34.7431,75.22,92,82,4.23,MZ,2026-03-04 15:13:35
499,necochea,-38.5473,-58.7368,64.22,50,9,15.39,AR,2026-03-04 15:13:35
500,yuzhno-kurilsk,44.0306,145.8556,31.91,89,100,14.09,RU,2026-03-04 15:13:36
501,tymovskoye,50.8456,142.655,15.73,95,100,0.78,RU,2026-03-04 15:13:36
502,carnarvon,-24.8667,113.6333,80.94,33,1,12.8,AU,2026-03-04 15:13:36
503,olinda,-8.0089,-34.8553,82.42,66,66,7.85,BR,2026-03-04 15:13:36
504,cambe,-23.2758,-51.2783,88.72,47,40,2.33,BR,2026-03-04 15:13:36
505,forster,-32.1667,152.5167,72.0,84,45,8.55,AU,2026-03-04 15:13:36
506,maceio,-9.6658,-35.7353,80.89,69,98,13.67,BR,2026-03-04 15:10:54
507,puerto maldonado,-12.6,-69.1833,80.38,80,100,1.41,PE,2026-03-04 15:13:36
508,visakhapatnam,17.69,83.2093,74.37,77,0,5.59,IN,2026-03-04 15:13:36
509,robore,-18.3333,-59.75,91.99,60,96,4.47,BO,2026-03-04 15:13:37
510,twon-brass,4.3151,6.2418,82.26,77,13,14.54,NG,2026-03-04 15:13:37
511,ulcinj,41.9294,19.2244,54.84,85,100,3.71,ME,2026-03-04 15:13:37
512,karkira,36.9292,6.5856,66.51,39,100,10.02,DZ,2026-03-04 15:13:37
513,chui,-33.6971,-53.4616,69.71,93,100,7.99,UY,2026-03-04 15:13:37
514,san luis de la loma,17.2706,-100.8939,84.42,58,0,9.66,MX,2026-03-04 15:13:37
515,airway heights,47.6446,-117.5933,44.56,91,100,4.74,US,2026-03-04 15:13:37
516,arraial do cabo,-22.9661,-42.0278,78.04,70,0,9.78,BR,2026-03-04 15:13:37
517,qandala,11.472,49.8728,76.96,77,6,2.19,SO,2026-03-04 15:13:37
518,san juan de miraflores,-12.1629,-76.9635,74.1,72,92,9.13,PE,2026-03-04 15:13:37
519,ankazoabo,-22.2833,44.5167,72.7,84,4,1.72,MG,2026-03-04 15:13:38
520,san cristobal,7.7669,-72.225,79.38,58,40,1.99,VE,2026-03-04 15:13:38
521,north ward,-19.2454,146.8075,75.7,78,100,9.93,AU,2026-03-04 15:13:38
522,banda aceh,5.5577,95.3222,77.11,79,78,3.69,ID,2026-03-04 15:13:38
523,az zawr,29.4425,48.2747,61.97,39,0,8.21,KW,2026-03-04 15:13:38
524,cuyo,10.8525,121.0086,79.66,77,9,22.3,PH,2026-03-04 15:13:38
525,great falls,47.5002,-111.3008,51.85,35,100,13.0,US,2026-03-04 15:13:38
526,sinabang,2.4803,96.3801,78.35,82,97,6.85,ID,2026-03-04 15:13:38
527,nalgonda,17.05,79.2667,74.64,45,6,4.7,IN,2026-03-04 15:13:38
528,oeiras do para,-2.0031,-49.8544,75.38,97,100,4.41,BR,2026-03-04 15:13:38
529,chamical,-30.36,-66.314,81.79,45,3,10.02,AR,2026-03-04 15:13:38
530,dolores,-36.3132,-57.6792,76.28,49,0,16.49,AR,2026-03-04 15:13:39
531,illapel,-31.6308,-71.1653,75.72,41,0,6.13,CL,2026-03-04 15:13:39
532,san pedro,14.35,121.0167,75.74,82,5,6.58,PH,2026-03-04 15:13:39
533,axim,4.8699,-2.2405,80.04,85,95,5.39,GH,2026-03-04 15:13:39
534,nar'yan-mar,67.6713,53.087,-17.52,92,100,5.68,RU,2026-03-04 15:13:39
535,vilyuchinsk,52.9306,158.4028,21.34,74,99,3.8,RU,2026-03-04 15:13:39
536,iranshahr,27.2025,60.6848,71.01,51,0,2.48,IR,2026-03-04 15:13:39
537,opuwo,-18.0607,13.84,70.25,61,100,2.8,NA,2026-03-04 15:13:39
538,mersa matruh,31.3525,27.2453,58.17,72,100,6.04,EG,2026-03-04 15:13:39
539,wynyard,-41.0,145.7167,61.77,89,61,8.19,AU,2026-03-04 15:13:39
540,orahovica donja,44.6531,18.3703,46.0,90,96,2.55,BA,2026-03-04 15:13:40
541,mersing,2.4312,103.8405,76.08,88,98,3.65,MY,2026-03-04 15:13:40
542,ploneour-lanvern,47.9,-4.2833,49.86,90,17,9.55,FR,2026-03-04 15:13:40
543,pyshma,56.9523,63.2513,6.76,95,100,9.48,RU,2026-03-04 15:13:40
544,mandalgovi,45.7625,106.2708,1.02,80,0,12.12,MN,2026-03-04 15:13:40
545,ndele,8.4109,20.6473,71.11,16,66,5.23,CF,2026-03-04 15:13:40
546,kismayo,-0.3582,42.5454,79.47,86,97,8.37,SO,2026-03-04 15:13:40
547,shiqian,27.5225,108.2281,48.13,93,7,2.77,CN,2026-03-04 15:13:40
548,cidreira,-30.1811,-50.2056,80.56,70,12,16.15,BR,2026-03-04 15:13:40
549,rio hato,8.3833,-80.1667,87.51,53,17,20.89,PA,2026-03-04 15:13:41
550,sergeyevka,53.88,67.4158,27.54,89,97,19.8,KZ,2026-03-04 15:13:41
551,tukrah,32.5341,20.5791,53.67,71,33,6.35,LY,2026-03-04 15:13:41
552,port macquarie,-31.4333,152.9167,75.72,68,3,10.58,AU,2026-03-04 15:13:41
553,macara,-4.3833,-79.95,76.1,89,98,2.73,EC,2026-03-04 15:13:41
554,puerto penasco,31.3167,-113.5333,71.37,49,100,6.6,MX,2026-03-04 15:13:41
555,namsos,64.4662,11.4957,40.75,79,100,11.7,NO,2026-03-04 15:13:41
556,tralee,52.2704,-9.7026,47.93,91,100,8.08,IE,2026-03-04 15:13:41
557,mungwi,-10.1732,31.3694,61.54,98,100,3.76,ZM,2026-03-04 15:13:41
558,newnham,-41.3833,147.1333,62.69,75,55,9.82,AU,2026-03-04 15:13:41
559,amga,60.8953,131.9608,-11.6,99,100,1.21,RU,2026-03-04 15:13:42
560,sarmiento,-45.5882,-69.07,62.74,22,2,20.51,AR,2026-03-04 15:13:42
561,vera,-29.4593,-60.2126,84.06,47,99,1.95,AR,2026-03-04 15:13:42
562,plettenberg bay,-34.0527,23.3716,64.0,80,44,3.6,ZA,2026-03-04 15:13:42
563,san andres,12.5847,-81.7006,81.46,70,5,16.46,CO,2026-03-04 15:13:42
564,faya-largeau,17.9257,19.1043,70.0,14,46,17.36,TD,2026-03-04 15:13:42
565,cukurca,37.2481,43.6136,31.37,98,100,3.78,TR,2026-03-04 15:13:42
566,lastoursville,-0.8143,12.7287,75.11,85,92,1.92,GA,2026-03-04 15:13:42
567,new ulm,44.3125,-94.4605,50.41,81,3,10.11,US,2026-03-04 15:13:42
568,port hedland,-20.3167,118.5667,86.04,80,100,19.13,AU,2026-03-04 15:13:42
569,sirte,31.2089,16.5887,59.79,52,0,13.24,LY,2026-03-04 15:13:43
570,quelimane,-17.8786,36.8883,76.98,91,95,3.02,MZ,2026-03-04 15:12:26
571,mangrol,21.1167,70.1167,74.66,58,3,12.62,IN,2026-03-04 15:13:43
572,pedernales,18.0384,-71.744,85.08,51,82,15.55,DO,2026-03-04 15:13:43
573,ares,-6.1944,-35.1603,78.62,75,70,6.44,BR,2026-03-04 15:13:43
574,trelaze,47.45,-0.4667,49.96,90,0,7.67,FR,2026-03-04 15:13:43
575,jinchang,38.4953,102.1739,29.98,44,1,6.17,CN,2026-03-04 15:13:43
576,escarcega,18.6089,-90.7454,93.38,28,37,3.91,MX,2026-03-04 15:13:43
577,emerald,-23.5333,148.1667,74.89,69,24,12.53,AU,2026-03-04 15:13:43
578,hilton head island,32.2163,-80.7526,74.39,71,85,7.49,US,2026-03-04 15:09:53
579,maragogi,-9.0122,-35.2225,79.7,70,95,7.96,BR,2026-03-04 15:13:43
580,jackson,42.4165,-122.8345,50.05,62,77,12.88,US,2026-03-04 15:13:44
581,celestun,20.8667,-90.4,82.13,65,0,16.75,MX,2026-03-04 15:13:44
582,insuratei,44.9167,27.6,41.59,85,20,7.16,RO,2026-03-04 15:13:44
583,stavanger,58.9701,5.7333,37.76,78,53,5.86,NO,2026-03-04 15:13:44
584,jiazi,22.8779,116.067,60.75,91,100,9.28,CN,2026-03-04 15:13:44
585,oqtosh,39.9214,65.9253,43.56,89,100,6.15,UZ,2026-03-04 15:13:44
586,erenhot,43.6475,111.9767,16.79,34,98,6.76,CN,2026-03-04 15:13:44
587,tongouson,5.0214,120.1328,79.88,84,87,9.93,PH,2026-03-04 15:13:44
588,weno,7.4515,151.8468,83.32,78,85,20.27,FM,2026-03-04 15:13:44
589,yelizovo,53.1873,158.3805,21.34,75,100,3.11,RU,2026-03-04 15:13:45
590,bunia,1.5667,30.25,69.93,64,100,0.96,CD,2026-03-04 15:13:45
591,kedrovyy,56.1667,91.8167,9.63,97,100,3.31,RU,2026-03-04 15:13:45
592,akureyri,65.6835,-18.0878,23.02,66,79,12.68,IS,2026-03-04 15:13:45
593,timbuktu,16.7735,-3.0074,79.27,6,2,11.81,ML,2026-03-04 15:13:45
594,tarauaca,-8.1614,-70.7656,79.41,84,98,1.36,BR,2026-03-04 15:13:45
595,pacific grove,36.6177,-121.9166,57.24,78,5,24.25,US,2026-03-04 15:13:45
596,kikwit,-5.041,18.8162,70.3,85,99,1.14,CD,2026-03-04 15:13:45
597,tara,56.8944,74.371,26.55,97,100,9.75,RU,2026-03-04 15:13:46
598,gereida,11.2811,25.1414,64.69,13,29,11.5,SD,2026-03-04 15:13:46
599,trinidad,-14.8333,-64.9,82.33,95,60,3.47,BO,2026-03-04 15:11:44
600,ambalangoda,6.2355,80.0538,78.06,79,94,3.29,LK,2026-03-04 15:13:46
601,petropavlovka,50.6114,105.3196,-14.71,96,67,3.0,RU,2026-03-04 15:13:46
602,pedro carbo,-1.8333,-80.2333,75.76,96,100,2.95,EC,2026-03-04 15:13:46
603,usinsk,65.9939,57.5281,-24.03,96,77,10.29,RU,2026-03-04 15:13:46
604,rio tuba,8.5061,117.4317,77.72,85,98,1.36,PH,2026-03-04 15:13:46
605,lask,51.5906,19.1328,34.18,82,16,7.23,PL,2026-03-04 15:13:46
606,olavarria,-36.8927,-60.3225,80.38,33,53,15.68,AR,2026-03-04 15:13:46
607,loudeac,48.1783,-2.7543,46.0,91,0,5.35,FR,2026-03-04 15:13:47
608,luwuk,-0.9516,122.7875,74.84,70,100,1.86,ID,2026-03-04 15:13:47
609,acarau,-2.8856,-40.12,78.28,87,99,10.13,BR,2026-03-04 15:13:47
610,bongouanou,6.6486,-4.1992,75.79,88,81,2.62,CI,2026-03-04 15:13:47
611,maicao,11.3832,-72.2432,83.91,53,1,18.28,CO,2026-03-04 15:13:47
612,mil'kovo,55.6078,37.7956,31.98,91,100,10.56,RU,2026-03-04 15:13:47
613,xapuri,-10.6517,-68.5044,88.09,76,96,3.22,BR,2026-03-04 15:13:47
614,beloomut,54.9448,39.3394,32.0,97,100,8.43,RU,2026-03-04 15:13:47
615,lata,40.1629,-8.3327,47.93,94,0,1.25,PT,2026-03-04 15:13:47
616,boajibu,8.1833,-11.3333,75.85,92,66,2.17,SL,2026-03-04 15:13:47
617,luninyets,52.2472,26.8047,32.29,90,9,10.38,BY,2026-03-04 15:13:48
618,valday,57.9747,33.2525,31.42,98,100,8.08,RU,2026-03-04 15:13:48
619,shache,38.4167,77.2406,44.56,35,21,5.35,CN,2026-03-04 15:13:48
620,visegrad,43.7847,19.2992,47.64,84,100,2.75,BA,2026-03-04 15:13:48
621,abaete,-19.16,-45.4458,73.99,86,66,3.65,BR,2026-03-04 15:13:48
622,queenstown,-31.8976,26.8753,65.77,41,5,3.71,ZA,2026-03-04 15:13:48
623,piti village,13.4626,144.6933,79.7,83,42,9.46,GU,2026-03-04 15:13:48
624,sile,41.1754,29.6133,43.54,75,5,4.88,TR,2026-03-04 15:13:48
625,orichi,58.4036,49.0572,-2.16,100,100,4.12,RU,2026-03-04 15:13:48
626,el haouaria,37.05,11.0144,58.44,86,99,22.06,TN,2026-03-04 15:13:48
627,majene,-3.5403,118.9707,75.49,83,100,6.13,ID,2026-03-04 15:13:49
628,puerto aysen,-45.4,-72.7,50.99,81,95,4.92,CL,2026-03-04 15:13:49
629,hyesan,41.4017,128.1778,21.43,81,99,0.43,KP,2026-03-04 15:13:49
630,alakurtti,66.9672,30.3491,1.81,99,82,4.21,RU,2026-03-04 15:13:49
631,yaren,-0.5472,166.916,83.34,74,63,13.71,NR,2026-03-04 15:13:49
632,tan-tan,28.438,-11.1032,58.46,80,23,8.77,MA,2026-03-04 15:13:49
633,xiaoweizhai,26.1903,107.5125,46.96,95,5,1.45,CN,2026-03-04 15:13:49
634,nagqu,31.5,92.0,20.93,16,33,1.74,CN,2026-03-04 15:13:49
635,rudnichnyy,59.617,52.4703,-15.97,100,97,2.73,RU,2026-03-04 15:13:49
636,lang son,21.8333,106.7333,58.82,89,12,2.17,VN,2026-03-04 15:13:49
637,smithers,54.7804,-127.1743,43.79,70,96,3.47,CA,2026-03-04 15:13:50
638,nizhnyaya poyma,56.1622,97.1933,5.79,98,100,3.02,RU,2026-03-04 15:13:50
639,mossendjo,-2.9506,12.7261,68.7,96,72,1.21,CG,2026-03-04 15:13:50
640,lospalos,-8.5186,127.0025,72.43,94,100,7.63,TL,2026-03-04 15:13:50
641,mont-dore,-22.2833,166.5833,75.18,92,99,5.01,NC,2026-03-04 15:13:50
642,ust'-ordynskiy,52.805,104.7508,-4.81,98,99,3.62,RU,2026-03-04 15:13:51
643,winton,37.3894,-120.6133,66.09,48,8,14.0,US,2026-03-04 15:13:51
644,molbergen,52.8667,7.9333,43.45,87,0,7.61,DE,2026-03-04 15:13:51
645,bontang,0.1333,117.5,75.61,91,100,8.79,ID,2026-03-04 15:13:51
646,kiama,-34.6833,150.8667,72.77,86,80,3.0,AU,2026-03-04 15:13:51
647,kasongo-lunda,-6.4667,16.8167,70.11,83,100,0.31,CD,2026-03-04 15:13:51
648,aral,40.5156,81.2636,45.1,31,100,2.06,CN,2026-03-04 15:13:51
649,gilze,51.5417,4.9444,47.05,85,72,6.71,NL,2026-03-04 15:13:52
650,douentza,14.9951,-2.9517,80.62,9,67,6.91,ML,2026-03-04 15:13:52
651,tamanrasset,22.785,5.5228,65.07,28,98,6.89,DZ,2026-03-04 15:13:52
652,harper,4.375,-7.7169,79.16,85,17,6.38,LR,2026-03-04 15:13:52
653,koulamoutou,-1.1303,12.4736,74.8,83,95,2.13,GA,2026-03-04 15:13:52
654,nizhnyaya tavda,57.6731,66.1725,7.0,94,100,10.63,RU,2026-03-04 15:13:52
655,novo aripuana,-5.1206,-60.3797,84.4,69,98,2.3,BR,2026-03-04 15:13:52
656,ciudad lazaro cardenas,17.9583,-102.2,81.84,61,2,10.71,MX,2026-03-04 15:13:52
657,san luis,-33.295,-66.3356,75.74,51,90,12.33,AR,2026-03-04 15:13:53
658,nizhnesortymskiy,62.4397,71.7603,-27.65,100,69,8.46,RU,2026-03-04 15:13:53
659,boston,42.3584,-71.0598,36.48,61,98,4.68,US,2026-03-04 15:11:38
660,rio preto da eva,-2.6994,-59.6997,88.12,59,86,3.13,BR,2026-03-04 15:13:53
661,talakan,50.3167,130.3667,-9.22,100,79,1.72,RU,2026-03-04 15:13:53
662,zhanibek,49.4167,46.85,26.78,89,100,9.19,KZ,2026-03-04 15:13:53
663,hauterive,46.0901,3.4459,46.27,84,10,3.27,FR,2026-03-04 15:13:53
664,palmer,42.1584,-72.3287,35.94,69,97,1.54,US,2026-03-04 15:13:53
665,cogealac,44.55,28.5667,40.46,88,8,6.53,RO,2026-03-04 15:13:53
666,caleta de carquin,-11.0925,-77.6267,75.36,75,96,9.8,PE,2026-03-04 15:13:54
667,san rafael,-34.6177,-68.3301,76.6,42,86,12.1,AR,2026-03-04 15:13:54
668,kindu,-2.95,25.95,67.41,99,100,1.52,CD,2026-03-04 15:13:54
669,kudahuvadhoo,2.6708,72.8944,80.46,71,38,8.66,MV,2026-03-04 15:13:54
670,branson,36.6437,-93.2185,61.36,97,100,7.78,US,2026-03-04 15:13:54
671,chinde,26.8212,87.7095,65.19,42,0,7.43,NP,2026-03-04 15:13:54
672,kayangel,8.0823,134.7173,82.72,75,54,15.1,PW,2026-03-04 15:13:54
673,corumba,-19.0092,-57.6533,86.72,59,90,2.62,BR,2026-03-04 15:13:54
674,mpika,-11.8343,31.4529,61.54,95,100,0.81,ZM,2026-03-04 15:13:54
675,hovd,48.0056,91.6419,8.31,69,100,4.29,MN,2026-03-04 15:13:54
676,ishigaki,24.3448,124.1572,68.9,67,100,24.25,JP,2026-03-04 15:13:55
677,kochkor-ata,41.0389,72.4833,46.87,78,100,1.74,UZ,2026-03-04 15:13:55
678,sitangkai,4.6628,119.3928,80.94,80,80,14.2,PH,2026-03-04 15:13:55
679,tapa,59.2606,25.9586,36.5,81,100,12.21,EE,2026-03-04 15:13:55
680,ingeniero jacobacci,-41.3427,-69.5448,66.49,11,19,14.67,AR,2026-03-04 15:13:55
681,yalvac,38.2956,31.1778,35.37,54,3,5.46,TR,2026-03-04 15:13:55
682,pao de acucar,-9.7483,-37.4367,84.6,56,100,12.93,BR,2026-03-04 15:13:55
683,la'ie,21.6477,-157.9253,74.77,76,56,17.72,US,2026-03-04 15:13:55
684,revda,56.801,59.9303,4.69,96,100,7.72,RU,2026-03-04 15:13:55
685,naracoorte,-36.9579,140.7383,59.52,84,0,4.79,AU,2026-03-04 15:13:55
686,vilyuysk,63.7553,121.6247,-16.71,100,97,2.82,RU,2026-03-04 15:13:56
687,zambezi,-13.5432,23.1047,65.82,97,100,5.57,ZM,2026-03-04 15:13:56
688,las khorey,11.1595,48.1967,76.46,82,16,1.34,SO,2026-03-04 15:13:56
689,luena,-11.7833,19.9167,63.93,97,100,3.8,AO,2026-03-04 15:13:56
690,along,28.1667,94.7667,52.03,73,3,0.34,IN,2026-03-04 15:13:56
691,raduzhny,62.0961,77.475,-23.78,100,92,6.33,RU,2026-03-04 15:13:56
